{
 "oh": {
  "base": 1.7611549398861825,
  "cPos": 11.345482483040541,
  "cDiam": 0.466730426880531,
  "cWidth": 9.868124894797802,
  "lip": 1.237124070338905
 },
 "ah": {
  "base": 2.385739761823788,
  "cPos": 8.775739543605596,
  "cDiam": 0.6355916283559054,
  "cWidth": 14.262293092440814,
  "lip": 1.9558759846724572
 },
 "l": {
  "base": 2.5291453255340457,
  "cPos": 18.69289546040818,
  "cDiam": 1.1098896951880306,
  "cWidth": 11.75043880008161,
  "lip": 0.8980624530464412
 }
}